sku,product_name,product_category,product_subcategory,image_file,image_path,cdn_path,image_url,match_type,assignment_source
CAS-ACOMP-ARROZ,Arroz,casera,acompañamiento,arroz.webp,imagenes-yakero/casera/acompañamientos/arroz.png,products/casera/acompanamientos/arroz.webp,https://cdn.yakero.cl/products/casera/acompanamientos/arroz.webp,name_exact,audit_csv
CAS-ACOMP-ENS-MIXTA,Ensalada Mixta,casera,acompañamiento,ensalada-mixta.webp,imagenes-yakero/casera/acompañamientos/ensalada-mixta.png,products/casera/acompanamientos/ensalada-mixta.webp,https://cdn.yakero.cl/products/casera/acompanamientos/ensalada-mixta.webp,name_exact,audit_csv
CAS-ACOMP-PURE,Puré,casera,acompañamiento,pure.webp,imagenes-yakero/casera/acompañamientos/pure.png,products/casera/acompanamientos/pure.webp,https://cdn.yakero.cl/products/casera/acompanamientos/pure.webp,name_exact,audit_csv
CAS-ACOMP-TALLARINES,Tallarines,casera,acompañamiento,tallarines.webp,imagenes-yakero/casera/acompañamientos/tallarines.png,products/casera/acompanamientos/tallarines.webp,https://cdn.yakero.cl/products/casera/acompanamientos/tallarines.webp,name_exact,audit_csv
CAS-MENU-ACELGA-CREMA,Acelga a la Crema,casera,menu,acelga-crema.webp,imagenes-yakero/casera/menu/acelga-crema.png,products/casera/menu/acelga-crema.webp,https://cdn.yakero.cl/products/casera/menu/acelga-crema.webp,partial_candidate,audit_csv
CAS-MENU-ALBOND-SALSA,Albóndigas en Salsa,casera,menu,albondigas.webp,imagenes-yakero/casera/menu/albondigas.png,products/casera/menu/albondigas.webp,https://cdn.yakero.cl/products/casera/menu/albondigas.webp,partial_candidate,audit_csv
CAS-MENU-CHARQUI-HUEVO,Charquicán con Huevo,casera,menu,charquican.webp,imagenes-yakero/casera/menu/charquican.png,products/casera/menu/charquican.webp,https://cdn.yakero.cl/products/casera/menu/charquican.webp,partial_candidate,audit_csv
CAS-MENU-CONSOME-POLLO,Consomé de Pollo,casera,menu,consome-pollo.webp,imagenes-yakero/casera/menu/consome-pollo.png,products/casera/menu/consome-pollo.webp,https://cdn.yakero.cl/products/casera/menu/consome-pollo.webp,partial_candidate,audit_csv
CAS-MENU-ENS-CESAR,Ensalada Cesar,casera,menu,ensalada-cesar.webp,imagenes-yakero/casera/menu/ensalada-cesar.png,products/casera/menu/ensalada-cesar.webp,https://cdn.yakero.cl/products/casera/menu/ensalada-cesar.webp,name_exact,audit_csv
CAS-MENU-GOHAN-MIXTO,Gohan Mixto,casera,menu,gohan-mixto.webp,imagenes-yakero/casera/menu/gohan-mixto.png,products/casera/menu/gohan-mixto.webp,https://cdn.yakero.cl/products/casera/menu/gohan-mixto.webp,name_exact,audit_csv
CAS-MENU-HUMITA,Humita,casera,menu,humita.webp,imagenes-yakero/casera/menu/humita.png,products/casera/menu/humita.webp,https://cdn.yakero.cl/products/casera/menu/humita.webp,name_exact,audit_csv
CAS-MENU-LENTEJ-CARNE,Lentejas con Carne Molida,casera,menu,lentejas.webp,imagenes-yakero/casera/menu/lentejas.png,products/casera/menu/lentejas.webp,https://cdn.yakero.cl/products/casera/menu/lentejas.webp,partial_candidate,audit_csv
CAS-MENU-LOMITO-CERDO-PLAN,Lomito de Cerdo a la Plancha,casera,menu,lomito-cerdo.webp,imagenes-yakero/casera/menu/lomito-cerdo.png,products/casera/menu/lomito-cerdo.webp,https://cdn.yakero.cl/products/casera/menu/lomito-cerdo.webp,partial_candidate,audit_csv
CAS-MENU-MERLUZA-APAN,Merluza Apanada,casera,menu,merluza-apanada.webp,imagenes-yakero/casera/menu/merluza-apanada.png,products/casera/menu/merluza-apanada.webp,https://cdn.yakero.cl/products/casera/menu/merluza-apanada.webp,name_exact,audit_csv
CAS-MENU-PASTEL-PAPAS,Pastel de Papas,casera,menu,pastel-papas.webp,imagenes-yakero/casera/menu/pastel-papas.png,products/casera/menu/pastel-papas.webp,https://cdn.yakero.cl/products/casera/menu/pastel-papas.webp,partial_candidate,audit_csv
CAS-MENU-PECHUGA-PAVO,Pechuga de Pavo,casera,menu,pechuga-pavo.webp,imagenes-yakero/casera/menu/pechuga-pavo.png,products/casera/menu/pechuga-pavo.webp,https://cdn.yakero.cl/products/casera/menu/pechuga-pavo.webp,partial_candidate,audit_csv
CAS-MENU-POLLO-AS-ENT,Pollo Asado Entero,casera,menu,pollo-asado.webp,imagenes-yakero/casera/menu/pollo-asado.png,products/casera/menu/pollo-asado.webp,https://cdn.yakero.cl/products/casera/menu/pollo-asado.webp,partial_candidate,audit_csv
CAS-MENU-POROTOS-GRAN,Porotos Granados,casera,menu,porotos-granados.webp,imagenes-yakero/casera/menu/porotos-granados.png,products/casera/menu/porotos-granados.webp,https://cdn.yakero.cl/products/casera/menu/porotos-granados.webp,name_exact,audit_csv
CAS-MENU-TUTO-ASADO,Tuto Asado,casera,menu,tuto-asado.webp,imagenes-yakero/casera/menu/tuto-asado.png,products/casera/menu/tuto-asado.webp,https://cdn.yakero.cl/products/casera/menu/tuto-asado.webp,name_exact,audit_csv
POST-ALFAJOR,Alfajor,casera,postre,alfajor.webp,imagenes-yakero/postres/alfajor.png,products/postres/general/alfajor.webp,https://cdn.yakero.cl/products/postres/general/alfajor.webp,name_exact,audit_csv
POST-ALFAJOR-MENDO,Alfajor Mendocino,casera,postre,alfajor_mendocino.webp,imagenes-yakero/postres/alfajor_mendocino.png,products/postres/general/alfajor_mendocino.webp,https://cdn.yakero.cl/products/postres/general/alfajor_mendocino.webp,name_exact,audit_csv
POST-PALMERA,Palmera,casera,postre,palmeras.webp,imagenes-yakero/postres/palmeras.png,products/postres/general/palmeras.webp,https://cdn.yakero.cl/products/postres/general/palmeras.webp,partial_candidate,audit_csv
POST-PIE-LIMON,Pie de Limón,casera,postre,pie_limon.webp,imagenes-yakero/postres/pie_limon.png,products/postres/general/pie_limon.webp,https://cdn.yakero.cl/products/postres/general/pie_limon.webp,partial_candidate,audit_csv
POST-QUEQUE,Queque,casera,postre,queque.webp,imagenes-yakero/postres/queque.png,products/postres/general/queque.webp,https://cdn.yakero.cl/products/postres/general/queque.webp,name_exact,audit_csv
SAND-ASS-CHAC,Ass Chacarero,sandwich,Ass,ass_chacarero.webp,imagenes-yakero/sandwich/ass/ass_chacarero.png,products/sandwich/ass/ass_chacarero.webp,https://cdn.yakero.cl/products/sandwich/ass/ass_chacarero.webp,name_exact,audit_csv
SAND-ASS-COMP,Ass Completo,sandwich,Ass,ass_completo.webp,imagenes-yakero/sandwich/ass/ass_completo.png,products/sandwich/ass/ass_completo.webp,https://cdn.yakero.cl/products/sandwich/ass/ass_completo.webp,name_exact,audit_csv
SAND-ASS-DINA,Ass Dinámico,sandwich,Ass,ass_dinamico.webp,imagenes-yakero/sandwich/ass/ass_dinamico.png,products/sandwich/ass/ass_dinamico.webp,https://cdn.yakero.cl/products/sandwich/ass/ass_dinamico.webp,name_exact,audit_csv
SAND-ASS-ITAL,Ass Italiano,sandwich,Ass,ass_italiano.webp,imagenes-yakero/sandwich/ass/ass_italiano.png,products/sandwich/ass/ass_italiano.webp,https://cdn.yakero.cl/products/sandwich/ass/ass_italiano.webp,name_exact,audit_csv
SAND-ASS-LUCO-CHAM,"Ass Luco, Champiñón",sandwich,Ass,ass_luco_champinon.webp,imagenes-yakero/sandwich/ass/ass_luco_champinon.png,products/sandwich/ass/ass_luco_champinon.webp,https://cdn.yakero.cl/products/sandwich/ass/ass_luco_champinon.webp,name_exact,audit_csv
SAND-CHUR-CHAC,Churrasco Chacarero,sandwich,Churrasco,sandwich-churrasco-chacarero.webp,imagenes-yakero/sandwich/sandwich churrasco/sandwich-churrasco-chacarero.png,products/sandwich/sandwich-churrasco/sandwich-churrasco-chacarero.webp,https://cdn.yakero.cl/products/sandwich/sandwich-churrasco/sandwich-churrasco-chacarero.webp,partial_candidate,audit_csv
SAND-CHUR-COMP,Churrasco Completo,sandwich,Churrasco,sandwich-churrasco-completo.webp,imagenes-yakero/sandwich/sandwich churrasco/sandwich-churrasco-completo.png,products/sandwich/sandwich-churrasco/sandwich-churrasco-completo.webp,https://cdn.yakero.cl/products/sandwich/sandwich-churrasco/sandwich-churrasco-completo.webp,partial_candidate,audit_csv
SAND-CHUR-DINA,Churrasco Dinámico,sandwich,Churrasco,sandwich-churrasco-dinamico.webp,imagenes-yakero/sandwich/sandwich churrasco/sandwich-churrasco-dinamico.png,products/sandwich/sandwich-churrasco/sandwich-churrasco-dinamico.webp,https://cdn.yakero.cl/products/sandwich/sandwich-churrasco/sandwich-churrasco-dinamico.webp,partial_candidate,audit_csv
SAND-CHUR-ITAL,Churrasco Italiano,sandwich,Churrasco,sandwich-churrasco-italiano.webp,imagenes-yakero/sandwich/sandwich churrasco/sandwich-churrasco-italiano.png,products/sandwich/sandwich-churrasco/sandwich-churrasco-italiano.webp,https://cdn.yakero.cl/products/sandwich/sandwich-churrasco/sandwich-churrasco-italiano.webp,partial_candidate,audit_csv
SAND-CHUR-LUCO-CHAM,"Churrasco Luco, Champiñón",sandwich,Churrasco,sandwich-churrasco-luco-champinon.webp,imagenes-yakero/sandwich/sandwich churrasco/sandwich-churrasco-luco-champinon.png,products/sandwich/sandwich-churrasco/sandwich-churrasco-luco-champinon.webp,https://cdn.yakero.cl/products/sandwich/sandwich-churrasco/sandwich-churrasco-luco-champinon.webp,partial_candidate,audit_csv
SAND-CHUR-SOLO,Churrasco Solo,sandwich,Churrasco,churrasco_solo.webp,imagenes-yakero/sandwich/sandwich churrasco/churrasco_solo.png,products/sandwich/sandwich-churrasco/churrasco_solo.webp,https://cdn.yakero.cl/products/sandwich/sandwich-churrasco/churrasco_solo.webp,name_exact,audit_csv
SAND-LOM-CHAC,Lomo Chacarero,sandwich,Lomo,sandwich-lomo-chacarero.webp,imagenes-yakero/sandwich/sandwich lomo/sandwich-lomo-chacarero.png,products/sandwich/sandwich-lomo/sandwich-lomo-chacarero.webp,https://cdn.yakero.cl/products/sandwich/sandwich-lomo/sandwich-lomo-chacarero.webp,partial_candidate,audit_csv
SAND-LOM-COMP,Lomo Completo,sandwich,Lomo,sandwich-lomo-completo.webp,imagenes-yakero/sandwich/sandwich lomo/sandwich-lomo-completo.png,products/sandwich/sandwich-lomo/sandwich-lomo-completo.webp,https://cdn.yakero.cl/products/sandwich/sandwich-lomo/sandwich-lomo-completo.webp,partial_candidate,audit_csv
SAND-LOM-DINA,Lomo Dinámico,sandwich,Lomo,sandwich-lomo-dinamico.webp,imagenes-yakero/sandwich/sandwich lomo/sandwich-lomo-dinamico.png,products/sandwich/sandwich-lomo/sandwich-lomo-dinamico.webp,https://cdn.yakero.cl/products/sandwich/sandwich-lomo/sandwich-lomo-dinamico.webp,partial_candidate,audit_csv
SAND-LOM-ITAL,Lomo Italiano,sandwich,Lomo,sandwich-lomo-italiano.webp,imagenes-yakero/sandwich/sandwich lomo/sandwich-lomo-italiano.png,products/sandwich/sandwich-lomo/sandwich-lomo-italiano.webp,https://cdn.yakero.cl/products/sandwich/sandwich-lomo/sandwich-lomo-italiano.webp,partial_candidate,audit_csv
SAND-LOM-LUCO-CHAM,"Lomo Luco, Champiñón",sandwich,Lomo,lomo_luco_champinon.webp,imagenes-yakero/sandwich/sandwich lomo/lomo_luco_champinon.png,products/sandwich/sandwich-lomo/lomo_luco_champinon.webp,https://cdn.yakero.cl/products/sandwich/sandwich-lomo/lomo_luco_champinon.webp,name_exact,audit_csv
SAND-SALCH-GRA,Salchipapas Grande,sandwich,Papas Fritas,salchipapas.webp,imagenes-yakero/sandwich/papas fritas/salchipapas.png,products/sandwich/papas-fritas/salchipapas.webp,https://cdn.yakero.cl/products/sandwich/papas-fritas/salchipapas.webp,partial_candidate,audit_csv
SAND-SALCH-IND,Salchipapas Individual,sandwich,Papas Fritas,salchipapas.webp,imagenes-yakero/sandwich/papas fritas/salchipapas.png,products/sandwich/papas-fritas/salchipapas.webp,https://cdn.yakero.cl/products/sandwich/papas-fritas/salchipapas.webp,partial_candidate,audit_csv
SAND-SALCH-MED,Salchipapas Mediana,sandwich,Papas Fritas,salchipapas.webp,imagenes-yakero/sandwich/papas fritas/salchipapas.png,products/sandwich/papas-fritas/salchipapas.webp,https://cdn.yakero.cl/products/sandwich/papas-fritas/salchipapas.webp,partial_candidate,audit_csv
SAND-SUPR-CAR-CHOR-CEB-HUE-GRA,"Suprema Grande de Carne, Chorizo, Cebolla y Huevo Frito.",sandwich,Papas Fritas,sand-supr-car-chor-ceb-hue-gra-med-ind.webp,imagenes-yakero/sandwich/papas fritas/SAND-SUPR-CAR-CHOR-CEB-HUE-GRA-MED-IND.png,products/sandwich/papas-fritas/sand-supr-car-chor-ceb-hue-gra-med-ind.webp,https://cdn.yakero.cl/products/sandwich/papas-fritas/sand-supr-car-chor-ceb-hue-gra-med-ind.webp,suprema_1_to_n,audit_csv
SAND-SUPR-CAR-CHOR-CEB-HUE-IND,"Suprema Individual de Carne, Chorizo, Cebolla y Huevo Frito.",sandwich,Papas Fritas,sand-supr-car-chor-ceb-hue-gra-med-ind.webp,imagenes-yakero/sandwich/papas fritas/SAND-SUPR-CAR-CHOR-CEB-HUE-GRA-MED-IND.png,products/sandwich/papas-fritas/sand-supr-car-chor-ceb-hue-gra-med-ind.webp,https://cdn.yakero.cl/products/sandwich/papas-fritas/sand-supr-car-chor-ceb-hue-gra-med-ind.webp,suprema_1_to_n,audit_csv
SAND-SUPR-CAR-CHOR-CEB-HUE-MED,"Suprema Mediana de Carne, Chorizo, Cebolla y Huevo Frito.",sandwich,Papas Fritas,sand-supr-car-chor-ceb-hue-gra-med-ind.webp,imagenes-yakero/sandwich/papas fritas/SAND-SUPR-CAR-CHOR-CEB-HUE-GRA-MED-IND.png,products/sandwich/papas-fritas/sand-supr-car-chor-ceb-hue-gra-med-ind.webp,https://cdn.yakero.cl/products/sandwich/papas-fritas/sand-supr-car-chor-ceb-hue-gra-med-ind.webp,suprema_1_to_n,audit_csv
SAND-SUPR-CAR-TOC-CHAM-YAKE-GRA,"Suprema Grande de Carne, Tocino, Champiñón Salteado, con Salsa Yakeblan.",sandwich,Papas Fritas,sand-supr-car-toc-cham-yake-gra-med-ind.webp,imagenes-yakero/sandwich/papas fritas/SAND-SUPR-CAR-TOC-CHAM-YAKE-GRA-MED-IND.png,products/sandwich/papas-fritas/sand-supr-car-toc-cham-yake-gra-med-ind.webp,https://cdn.yakero.cl/products/sandwich/papas-fritas/sand-supr-car-toc-cham-yake-gra-med-ind.webp,suprema_1_to_n,audit_csv
SAND-SUPR-CAR-TOC-CHAM-YAKE-IND,"Suprema Individual de Carne, Tocino, Champiñón Salteado, con Salsa Yakeblan.",sandwich,Papas Fritas,sand-supr-car-toc-cham-yake-gra-med-ind.webp,imagenes-yakero/sandwich/papas fritas/SAND-SUPR-CAR-TOC-CHAM-YAKE-GRA-MED-IND.png,products/sandwich/papas-fritas/sand-supr-car-toc-cham-yake-gra-med-ind.webp,https://cdn.yakero.cl/products/sandwich/papas-fritas/sand-supr-car-toc-cham-yake-gra-med-ind.webp,suprema_1_to_n,audit_csv
SAND-SUPR-CAR-TOC-CHAM-YAKE-MED,"Suprema Mediana de Carne, Tocino, Champiñón Salteado, con Salsa Yakeblan.",sandwich,Papas Fritas,sand-supr-car-toc-cham-yake-gra-med-ind.webp,imagenes-yakero/sandwich/papas fritas/SAND-SUPR-CAR-TOC-CHAM-YAKE-GRA-MED-IND.png,products/sandwich/papas-fritas/sand-supr-car-toc-cham-yake-gra-med-ind.webp,https://cdn.yakero.cl/products/sandwich/papas-fritas/sand-supr-car-toc-cham-yake-gra-med-ind.webp,suprema_1_to_n,audit_csv
SAND-SUPR-CARMEC-GUAC-CHED-CEB-GRA,"Suprema Grande de Carne Mechada, Guacamole, Salsa Cheddar y Cebollín.",sandwich,Papas Fritas,sand-supr-carmec-guac-ched-ceb-gra-med-ind.webp,imagenes-yakero/sandwich/papas fritas/SAND-SUPR-CARMEC-GUAC-CHED-CEB-GRA-MED-IND.png,products/sandwich/papas-fritas/sand-supr-carmec-guac-ched-ceb-gra-med-ind.webp,https://cdn.yakero.cl/products/sandwich/papas-fritas/sand-supr-carmec-guac-ched-ceb-gra-med-ind.webp,suprema_1_to_n,audit_csv
SAND-SUPR-CARMEC-GUAC-CHED-CEB-IND,"Suprema Individual de Carne Mechada, Guacamole, Salsa Cheddar y Cebollín.",sandwich,Papas Fritas,sand-supr-carmec-guac-ched-ceb-gra-med-ind.webp,imagenes-yakero/sandwich/papas fritas/SAND-SUPR-CARMEC-GUAC-CHED-CEB-GRA-MED-IND.png,products/sandwich/papas-fritas/sand-supr-carmec-guac-ched-ceb-gra-med-ind.webp,https://cdn.yakero.cl/products/sandwich/papas-fritas/sand-supr-carmec-guac-ched-ceb-gra-med-ind.webp,suprema_1_to_n,audit_csv
SAND-SUPR-CARMEC-GUAC-CHED-CEB-MED,"Suprema Mediana de Carne Mechada, Guacamole, Salsa Cheddar y Cebollín.",sandwich,Papas Fritas,sand-supr-carmec-guac-ched-ceb-gra-med-ind.webp,imagenes-yakero/sandwich/papas fritas/SAND-SUPR-CARMEC-GUAC-CHED-CEB-GRA-MED-IND.png,products/sandwich/papas-fritas/sand-supr-carmec-guac-ched-ceb-gra-med-ind.webp,https://cdn.yakero.cl/products/sandwich/papas-fritas/sand-supr-carmec-guac-ched-ceb-gra-med-ind.webp,suprema_1_to_n,audit_csv
SAND-SUPR-POL-TOC-CEB-CHAM-YAKE-GRA,"Suprema Grande de Pollo, Tocino, Cebolla, Champiñón Salteado, con Salsa Yakeblan.",sandwich,Papas Fritas,sand-supr-pol-toc-ceb-cham-yake-gra-med-ind.webp,imagenes-yakero/sandwich/papas fritas/SAND-SUPR-POL-TOC-CEB-CHAM-YAKE-GRA-MED-IND.png,products/sandwich/papas-fritas/sand-supr-pol-toc-ceb-cham-yake-gra-med-ind.webp,https://cdn.yakero.cl/products/sandwich/papas-fritas/sand-supr-pol-toc-ceb-cham-yake-gra-med-ind.webp,suprema_1_to_n,audit_csv
SAND-SUPR-POL-TOC-CEB-CHAM-YAKE-IND,"Suprema Individual de Pollo, Tocino, Cebolla, Champiñón Salteado, con Salsa Yakeblan.",sandwich,Papas Fritas,sand-supr-pol-toc-ceb-cham-yake-gra-med-ind.webp,imagenes-yakero/sandwich/papas fritas/SAND-SUPR-POL-TOC-CEB-CHAM-YAKE-GRA-MED-IND.png,products/sandwich/papas-fritas/sand-supr-pol-toc-ceb-cham-yake-gra-med-ind.webp,https://cdn.yakero.cl/products/sandwich/papas-fritas/sand-supr-pol-toc-ceb-cham-yake-gra-med-ind.webp,suprema_1_to_n,audit_csv
SAND-SUPR-POL-TOC-CEB-CHAM-YAKE-MED,"Suprema Mediana de Pollo, Tocino, Cebolla, Champiñón Salteado, con Salsa Yakeblan.",sandwich,Papas Fritas,sand-supr-pol-toc-ceb-cham-yake-gra-med-ind.webp,imagenes-yakero/sandwich/papas fritas/SAND-SUPR-POL-TOC-CEB-CHAM-YAKE-GRA-MED-IND.png,products/sandwich/papas-fritas/sand-supr-pol-toc-ceb-cham-yake-gra-med-ind.webp,https://cdn.yakero.cl/products/sandwich/papas-fritas/sand-supr-pol-toc-ceb-cham-yake-gra-med-ind.webp,suprema_1_to_n,audit_csv
SAND-SUPR-VEG-ZAP-ZAN-CEB-PIM-POR-GRA,"Suprema Grande de Zapallo Italiano, Zanahoria, Cebolla, Pimentón Salteado, Porotos Negros, con Salsa.",sandwich,Papas Fritas,sand-supr-veg-zap-zan-ceb-pim-por-gra-med-ind.webp,imagenes-yakero/sandwich/papas fritas/SAND-SUPR-VEG-ZAP-ZAN-CEB-PIM-POR-GRA-MED-IND.png,products/sandwich/papas-fritas/sand-supr-veg-zap-zan-ceb-pim-por-gra-med-ind.webp,https://cdn.yakero.cl/products/sandwich/papas-fritas/sand-supr-veg-zap-zan-ceb-pim-por-gra-med-ind.webp,suprema_1_to_n,audit_csv
SAND-SUPR-VEG-ZAP-ZAN-CEB-PIM-POR-IND,"Suprema Individual de Zapallo Italiano, Zanahoria, Cebolla, Pimentón Salteado, Porotos Negros, con Salsa.",sandwich,Papas Fritas,sand-supr-veg-zap-zan-ceb-pim-por-gra-med-ind.webp,imagenes-yakero/sandwich/papas fritas/SAND-SUPR-VEG-ZAP-ZAN-CEB-PIM-POR-GRA-MED-IND.png,products/sandwich/papas-fritas/sand-supr-veg-zap-zan-ceb-pim-por-gra-med-ind.webp,https://cdn.yakero.cl/products/sandwich/papas-fritas/sand-supr-veg-zap-zan-ceb-pim-por-gra-med-ind.webp,suprema_1_to_n,audit_csv
SAND-SUPR-VEG-ZAP-ZAN-CEB-PIM-POR-MED,"Suprema Mediana de Zapallo Italiano, Zanahoria, Cebolla, Pimentón Salteado, Porotos Negros, con Salsa.",sandwich,Papas Fritas,sand-supr-veg-zap-zan-ceb-pim-por-gra-med-ind.webp,imagenes-yakero/sandwich/papas fritas/SAND-SUPR-VEG-ZAP-ZAN-CEB-PIM-POR-GRA-MED-IND.png,products/sandwich/papas-fritas/sand-supr-veg-zap-zan-ceb-pim-por-gra-med-ind.webp,https://cdn.yakero.cl/products/sandwich/papas-fritas/sand-supr-veg-zap-zan-ceb-pim-por-gra-med-ind.webp,suprema_1_to_n,audit_csv
SAND-VIE16-CHAC,Vienesa Chacarero,sandwich,Vienesas 16 cm,vienesa_chacarero.webp,imagenes-yakero/sandwich/Vienesas 16 cm/vienesa_chacarero.png,products/sandwich/vienesas-16-cm/vienesa_chacarero.webp,https://cdn.yakero.cl/products/sandwich/vienesas-16-cm/vienesa_chacarero.webp,name_exact,audit_csv
SAND-VIE16-COMP,Vienesa Completo,sandwich,Vienesas 16 cm,vienesa_completo.webp,imagenes-yakero/sandwich/Vienesas 16 cm/vienesa_completo.png,products/sandwich/vienesas-16-cm/vienesa_completo.webp,https://cdn.yakero.cl/products/sandwich/vienesas-16-cm/vienesa_completo.webp,name_exact,audit_csv
SAND-VIE16-DINA,Vienesa Dinámico,sandwich,Vienesas 16 cm,vienesa_dinamico.webp,imagenes-yakero/sandwich/Vienesas 16 cm/vienesa_dinamico.png,products/sandwich/vienesas-16-cm/vienesa_dinamico.webp,https://cdn.yakero.cl/products/sandwich/vienesas-16-cm/vienesa_dinamico.webp,name_exact,audit_csv
SAND-VIE16-ITAL,Vienesa Italiano,sandwich,Vienesas 16 cm,vienesa_italiano.webp,imagenes-yakero/sandwich/Vienesas 16 cm/vienesa_italiano.png,products/sandwich/vienesas-16-cm/vienesa_italiano.webp,https://cdn.yakero.cl/products/sandwich/vienesas-16-cm/vienesa_italiano.webp,name_exact,audit_csv
SAND-VIE16-LUCO-CHAM,"Vienesa Luco, Champiñón",sandwich,Vienesas 16 cm,vienesa_luco_champinon.webp,imagenes-yakero/sandwich/Vienesas 16 cm/vienesa_luco_champinon.png,products/sandwich/vienesas-16-cm/vienesa_luco_champinon.webp,https://cdn.yakero.cl/products/sandwich/vienesas-16-cm/vienesa_luco_champinon.webp,name_exact,audit_csv
SAND-VIE16-SOLA,Vienesa Sola,sandwich,Vienesas 16 cm,vienesa_sola.webp,imagenes-yakero/sandwich/Vienesas 16 cm/vienesa_sola.png,products/sandwich/vienesas-16-cm/vienesa_sola.webp,https://cdn.yakero.cl/products/sandwich/vienesas-16-cm/vienesa_sola.webp,name_exact,audit_csv
SUSHI-ENT-CAM-FURAY,Camarones Furay,sushi,Entradas,camarones-furay.webp,imagenes-yakero/sushi/entradas/Camarones Furay.png,products/sushi/entradas/camarones-furay.webp,https://cdn.yakero.cl/products/sushi/entradas/camarones-furay.webp,name_exact,audit_csv
SUSHI-ENT-CEVI-SAL-CAM,Ceviche de Salmón y Camarones,sushi,Entradas,ceviche-de-salmon-y-camarones.webp,imagenes-yakero/sushi/entradas/Ceviche de Salmon y Camarones.png,products/sushi/entradas/ceviche-de-salmon-y-camarones.webp,https://cdn.yakero.cl/products/sushi/entradas/ceviche-de-salmon-y-camarones.webp,name_exact,audit_csv
SUSHI-ENT-GYOZAS,Gyozas,sushi,Entradas,gyozas.webp,imagenes-yakero/sushi/entradas/Gyozas.png,products/sushi/entradas/gyozas.webp,https://cdn.yakero.cl/products/sushi/entradas/gyozas.webp,name_exact,audit_csv
SUSHI-ENT-POL-FURAY,Pollo Furay,sushi,Entradas,pollo-furay.webp,imagenes-yakero/sushi/entradas/Pollo Furay.png,products/sushi/entradas/pollo-furay.webp,https://cdn.yakero.cl/products/sushi/entradas/pollo-furay.webp,name_exact,audit_csv
SUSHI-ENT-SASH-12-MIX,Sashimi 12 Cortes Mixto,sushi,Entradas,sashimi-12-cortes-mixto.webp,imagenes-yakero/sushi/entradas/Sashimi 12 cortes mixto.png,products/sushi/entradas/sashimi-12-cortes-mixto.webp,https://cdn.yakero.cl/products/sushi/entradas/sashimi-12-cortes-mixto.webp,name_exact,audit_csv
SUSHI-GOH-CAM-APAN,Camarón Apanado,sushi,Gohan,gohan-camaron-apanado.webp,imagenes-yakero/sushi/gohan y poked/gohan camaron apanado.png,products/sushi/gohan-y-poked/gohan-camaron-apanado.webp,https://cdn.yakero.cl/products/sushi/gohan-y-poked/gohan-camaron-apanado.webp,partial_candidate,audit_csv
SUSHI-GOH-CAM-SAL,Camarón Salmón,sushi,Gohan,gohan-camaron-salmon.webp,imagenes-yakero/sushi/gohan y poked/gohan camaron salmon.png,products/sushi/gohan-y-poked/gohan-camaron-salmon.webp,https://cdn.yakero.cl/products/sushi/gohan-y-poked/gohan-camaron-salmon.webp,partial_candidate,audit_csv
SUSHI-GOH-POL-CRISPY,Pollo Crispy,sushi,Gohan,gohan-pollo-crispy.webp,imagenes-yakero/sushi/gohan y poked/gohan pollo crispy.png,products/sushi/gohan-y-poked/gohan-pollo-crispy.webp,https://cdn.yakero.cl/products/sushi/gohan-y-poked/gohan-pollo-crispy.webp,partial_candidate,audit_csv
SUSHI-PRM-FUTOMAKI,Futomaki Rolls,sushi,Premium,futomaki-roll.webp,imagenes-yakero/sushi/special rolls/futomaki roll.png,products/sushi/special-rolls/futomaki-roll.webp,https://cdn.yakero.cl/products/sushi/special-rolls/futomaki-roll.webp,partial_candidate,audit_csv
SUSHI-PRM-RAINBOW,Rainbow Rolls,sushi,Premium,rainbow-roll.webp,imagenes-yakero/sushi/special rolls/rainbow roll.png,products/sushi/special-rolls/rainbow-roll.webp,https://cdn.yakero.cl/products/sushi/special-rolls/rainbow-roll.webp,partial_candidate,audit_csv
SUSHI-PRM-SAKE-FURAY,Sake Furay,sushi,Premium,sake-furay.webp,imagenes-yakero/sushi/special rolls/sake furay.png,products/sushi/special-rolls/sake-furay.webp,https://cdn.yakero.cl/products/sushi/special-rolls/sake-furay.webp,name_exact,audit_csv
SUSHI-PRM-TORI,Tori Rolls,sushi,Premium,tori-roll.webp,imagenes-yakero/sushi/special rolls/tori roll.png,products/sushi/special-rolls/tori-roll.webp,https://cdn.yakero.cl/products/sushi/special-rolls/tori-roll.webp,partial_candidate,audit_csv
SUSHI-PRM-TORTA,Torta de Sushi,sushi,Premium,torta-de-sushi.webp,imagenes-yakero/sushi/premium/Torta de Sushi.png,products/sushi/premium/torta-de-sushi.webp,https://cdn.yakero.cl/products/sushi/premium/torta-de-sushi.webp,name_exact,audit_csv
SUSHI-PRM-YAK-ACEV-SA,Yakero Acevichado sin Arroz,sushi,Premium,yakero-acevichado-sin-arroz.webp,imagenes-yakero/sushi/special rolls/yakero acevichado sin arroz.png,products/sushi/special-rolls/yakero-acevichado-sin-arroz.webp,https://cdn.yakero.cl/products/sushi/special-rolls/yakero-acevichado-sin-arroz.webp,name_exact,audit_csv
SUSHI-PRO-020,Promo 20 piezas,sushi,Promociones,promo-20-piezas.webp,imagenes-yakero/promociones/promo 20 piezas.png,promotions/promo-20-piezas.webp,https://cdn.yakero.cl/promotions/promo-20-piezas.webp,name_exact,audit_csv
SUSHI-PRO-030,Promo 30 piezas,sushi,Promociones,promo-30-piezas.webp,imagenes-yakero/promociones/promo 30 piezas.png,promotions/promo-30-piezas.webp,https://cdn.yakero.cl/promotions/promo-30-piezas.webp,name_exact,audit_csv
SUSHI-PRO-040,Promo 40 piezas,sushi,Promociones,promo-40-piezas.webp,imagenes-yakero/promociones/promo 40 piezas.png,promotions/promo-40-piezas.webp,https://cdn.yakero.cl/promotions/promo-40-piezas.webp,name_exact,audit_csv
SUSHI-PRO-050,Promo 50 piezas,sushi,Promociones,promo-50-piezas.webp,imagenes-yakero/promociones/promo 50 piezas.png,promotions/promo-50-piezas.webp,https://cdn.yakero.cl/promotions/promo-50-piezas.webp,name_exact,audit_csv
SUSHI-PRO-060,Promo 60 piezas,sushi,Promociones,promo-60-piezas.webp,imagenes-yakero/promociones/promo 60 piezas.png,promotions/promo-60-piezas.webp,https://cdn.yakero.cl/promotions/promo-60-piezas.webp,name_exact,audit_csv
SUSHI-PRO-080,Promo 80 piezas,sushi,Promociones,promo-80-piezas.webp,imagenes-yakero/promociones/promo 80 piezas.png,promotions/promo-80-piezas.webp,https://cdn.yakero.cl/promotions/promo-80-piezas.webp,name_exact,audit_csv
SUSHI-PRO-YAK-TORI,Promo Yakero Tori,sushi,Promociones,promo-yakero-tori.webp,imagenes-yakero/promociones/promo yakero tori.png,promotions/promo-yakero-tori.webp,https://cdn.yakero.cl/promotions/promo-yakero-tori.webp,name_exact,audit_csv
SUSHI-ROL-AVO,Avocado Rolls,sushi,Rolls,avocado-roll.webp,imagenes-yakero/sushi/rolls/avocado roll.png,products/sushi/rolls/avocado-roll.webp,https://cdn.yakero.cl/products/sushi/rolls/avocado-roll.webp,partial_candidate,audit_csv
SUSHI-ROL-CAL,California Rolls,sushi,Rolls,california-roll.webp,imagenes-yakero/sushi/rolls/california roll.png,products/sushi/rolls/california-roll.webp,https://cdn.yakero.cl/products/sushi/rolls/california-roll.webp,partial_candidate,audit_csv
SUSHI-ROL-CHEE,Cheese Rolls,sushi,Rolls,cheese-roll.webp,imagenes-yakero/sushi/rolls/cheese roll.png,products/sushi/rolls/cheese-roll.webp,https://cdn.yakero.cl/products/sushi/rolls/cheese-roll.webp,partial_candidate,audit_csv
SUSHI-ROL-FURAY,Furay Rolls,sushi,Rolls,furay-roll.webp,imagenes-yakero/sushi/rolls/furay roll.png,products/sushi/rolls/furay-roll.webp,https://cdn.yakero.cl/products/sushi/rolls/furay-roll.webp,partial_candidate,audit_csv
SUSHI-ROL-SAKE,Sake Rolls,sushi,Rolls,sake-roll.webp,imagenes-yakero/sushi/rolls/sake roll.png,products/sushi/rolls/sake-roll.webp,https://cdn.yakero.cl/products/sushi/rolls/sake-roll.webp,partial_candidate,audit_csv
